{"cameraMode":{"drawMode":0,"name":"Shaded","section":"Shading Mode"},"sceneLighting":true,"audioPlay":false,"sceneViewState":{"showFog":true,"showMaterialUpdate":false,"showSkybox":true,"showFlares":true,"showImageEffects":true,"showParticleSystems":true},"in2DMode":false,"pivot":{"x":-0.8034558296203613,"y":-2.785801410675049,"z":1.190359115600586},"rotation":{"x":-0.011697772890329361,"y":-0.9611837267875671,"z":0.2725568413734436,"w":-0.04125326871871948},"size":11.947543144226075,"orthographic":false}