{"cameraMode":{"drawMode":0,"name":"Shaded","section":"Shading Mode"},"sceneLighting":true,"audioPlay":false,"sceneViewState":{"showFog":true,"showMaterialUpdate":false,"showSkybox":true,"showFlares":true,"showImageEffects":true,"showParticleSystems":true},"in2DMode":false,"pivot":{"x":-4.4381561279296879,"y":3.019787073135376,"z":0.5178570747375488},"rotation":{"x":0.003172321245074272,"y":-0.9742917418479919,"z":0.22484825551509858,"w":0.013745345175266266},"size":7.386271953582764,"orthographic":false}