{"cameraMode":{"drawMode":0,"name":"Shaded","section":"Shading Mode"},"sceneLighting":true,"audioPlay":false,"sceneViewState":{"showFog":true,"showMaterialUpdate":false,"showSkybox":true,"showFlares":true,"showImageEffects":true,"showParticleSystems":true},"in2DMode":false,"pivot":{"x":-15.280012130737305,"y":-29.319650650024415,"z":32.785133361816409},"rotation":{"x":-0.35249027609825137,"y":0.14430858194828034,"z":-0.05511238053441048,"w":-0.9229779839515686},"size":61.18988800048828,"orthographic":false}