{"cameraMode":{"drawMode":0,"name":"Shaded","section":"Shading Mode"},"sceneLighting":true,"audioPlay":false,"sceneViewState":{"showFog":true,"showMaterialUpdate":false,"showSkybox":true,"showFlares":true,"showImageEffects":true,"showParticleSystems":true},"in2DMode":false,"pivot":{"x":-9.809276580810547,"y":-16.69679069519043,"z":-5.501348972320557},"rotation":{"x":-0.1919253170490265,"y":0.8040820956230164,"z":-0.35073280334472659,"w":-0.4400036931037903},"size":35.54667663574219,"orthographic":false}