{"cameraMode":{"drawMode":0,"name":"Shaded","section":"Shading Mode"},"sceneLighting":true,"audioPlay":false,"sceneViewState":{"showFog":true,"showMaterialUpdate":false,"showSkybox":true,"showFlares":true,"showImageEffects":true,"showParticleSystems":true},"in2DMode":false,"pivot":{"x":-50.10624694824219,"y":11.396697998046875,"z":7.97612190246582},"rotation":{"x":-0.030981190502643586,"y":-0.7902471423149109,"z":-0.0400896780192852,"w":0.6106902360916138},"size":7.164644241333008,"orthographic":false}