{"cameraMode":{"drawMode":0,"name":"Shaded","section":"Shading Mode"},"sceneLighting":true,"audioPlay":false,"sceneViewState":{"showFog":true,"showMaterialUpdate":false,"showSkybox":true,"showFlares":true,"showImageEffects":true,"showParticleSystems":true},"in2DMode":false,"pivot":{"x":-10.808746337890625,"y":11.631882667541504,"z":-0.3148956298828125},"rotation":{"x":-0.00546442624181509,"y":0.9843570590019226,"z":-0.17334456741809846,"w":-0.031034106388688089},"size":27.623594284057618,"orthographic":false}