{"cameraMode":{"drawMode":0,"name":"Shaded","section":"Shading Mode"},"sceneLighting":true,"audioPlay":false,"sceneViewState":{"showFog":true,"showMaterialUpdate":false,"showSkybox":true,"showFlares":true,"showImageEffects":true,"showParticleSystems":true},"in2DMode":false,"pivot":{"x":-1.2673444747924805,"y":-1.3123395442962647,"z":-3.3552680015563967},"rotation":{"x":-0.11767714470624924,"y":0.6763504147529602,"z":-0.11075300723314285,"w":-0.718634843826294},"size":13.465837478637696,"orthographic":false}